{
  "project_info": {
    "project_number": "585119731880",
    "project_id": "unop",
    "storage_bucket": "unop.appspot.com"
  },
  "client": [
    {
      "client_info": {
        "mobilesdk_app_id": "1:585119731880:android:5fa7f4f052b09dccee329d",
        "android_client_info": {
          "package_name": "com.uno.unop"
        }
      },
      "oauth_client": [
        {
          "client_id": "585119731880-fbokpi6g8o08s77nqoqeq2indt82t4v3.apps.googleusercontent.com",
          "client_type": 3
        }
      ],
      "api_key": [
        {
          "current_key": "AIzaSyAM-GM_ijlA4phTqPYPIcuIzh171Llbqjs"
        }
      ],
      "services": {
        "appinvite_service": {
          "other_platform_oauth_client": [
            {
              "client_id": "585119731880-fbokpi6g8o08s77nqoqeq2indt82t4v3.apps.googleusercontent.com",
              "client_type": 3
            },
            {
              "client_id": "585119731880-6raijggsm5b3pvqd9p5q858v1injcssn.apps.googleusercontent.com",
              "client_type": 2,
              "ios_info": {
                "bundle_id": "com.uno.unop"
              }
            }
          ]
        }
      }
    }
  ],
  "configuration_version": "1"
}